Day,Stock Price,Balance,Porfolio,Total Value,Current Stock Percentage,Trade Action,Trade Amount,Trade Ratio
1,$13788.33,$1000000.00,$0.0,$1000000.00,0.00%,Hold,$0.00,0.00%
2,$13631.05,$1000000.00,$0.0,$1000000.00,0.00%,Hold,$0.00,0.00%
3,$13474.63,$1000000.00,$0.0,$1000000.00,0.00%,Hold,$0.00,0.00%
4,$13316.93,$0.00,$1000000.0,$1000000.00,0.00%,Buy,$1000000.00,100.00%
5,$13290.78,$0.00,$998036.3781535134,$998036.38,100.00%,Hold,$0.00,0.00%
6,$13497.59,$0.00,$1013566.2018565419,$1013566.20,100.00%,Hold,$0.00,0.00%
7,$13505.87,$0.00,$1014187.9873305068,$1014187.99,100.00%,Hold,$0.00,0.00%
8,$13721.03,$0.00,$1030344.8764407617,$1030344.88,100.00%,Hold,$0.00,0.00%
9,$13463.97,$0.00,$1011041.5871010057,$1011041.59,100.00%,Hold,$0.00,0.00%
10,$13590.65,$0.00,$1020554.34019314,$1020554.34,100.00%,Hold,$0.00,0.00%
11,$13705.13,$0.00,$1029150.8781995663,$1029150.88,100.00%,Hold,$0.00,0.00%
12,$13943.76,$0.00,$1047070.165033114,$1047070.17,100.00%,Hold,$0.00,0.00%
13,$14019.31,$0.00,$1052743.3799903435,$1052743.38,100.00%,Hold,$0.00,0.00%
14,$14034.97,$0.00,$1053919.3384595618,$1053919.34,100.00%,Hold,$0.00,0.00%
15,$14031.81,$0.00,$1053682.0347924135,$1053682.03,100.00%,Hold,$0.00,0.00%
16,$14020.95,$0.00,$1052866.5784331153,$1052866.58,100.00%,Hold,$0.00,0.00%
17,$13872.47,$1041716.83,$0.0,$1041716.83,100.00%,Sell,$1041716.83,100.00%
18,$13748.83,$1007446.08,$34270.749049694205,$1041716.83,0.00%,Buy,$34270.75,3.29%
19,$13761.53,$496963.22,$544785.2653007746,$1041748.48,3.29%,Buy,$510482.86,49.00%
20,$13917.89,$438534.91,$609403.4588289196,$1047938.37,52.58%,Buy,$58428.31,5.58%
21,$13773.61,$654508.70,$387112.3086255155,$1041621.01,57.90%,Sell,$215973.79,20.73%
22,$13813.59,$722957.05,$319787.6005099713,$1042744.65,37.23%,Sell,$68448.35,6.56%
23,$13926.05,$1045348.12,$0.0,$1045348.12,30.84%,Sell,$322391.07,30.84%
24,$13708.33,$1045348.12,$0.0,$1045348.12,0.00%,Hold,$0.00,0.00%
25,$13710.24,$1045348.12,$0.0,$1045348.12,0.00%,Hold,$0.00,0.00%
26,$13678.19,$1045348.12,$0.0,$1045348.12,0.00%,Hold,$0.00,0.00%
27,$13469.13,$1045348.12,$0.0,$1045348.12,0.00%,Hold,$0.00,0.00%
28,$13223.98,$1045348.12,$0.0,$1045348.12,0.00%,Hold,$0.00,0.00%
29,$13211.81,$1045348.12,$0.0,$1045348.12,0.00%,Hold,$0.00,0.00%
30,$13271.32,$1045348.12,$0.0,$1045348.12,0.00%,Hold,$0.00,0.00%
31,$13063.61,$1045348.12,$0.0,$1045348.12,0.00%,Hold,$0.00,0.00%
32,$13092.85,$1045348.12,$0.0,$1045348.12,0.00%,Hold,$0.00,0.00%
33,$13201.28,$1045348.12,$0.0,$1045348.12,0.00%,Hold,$0.00,0.00%
34,$13219.32,$0.00,$1045348.1192724584,$1045348.12,0.00%,Buy,$1045348.12,100.00%
35,$13307.77,$0.00,$1052342.4444182075,$1052342.44,100.00%,Hold,$0.00,0.00%
36,$13059.47,$0.00,$1032707.5670031894,$1032707.57,100.00%,Hold,$0.00,0.00%
37,$13236.01,$0.00,$1046667.8761149799,$1046667.88,100.00%,Hold,$0.00,0.00%
38,$13219.83,$0.00,$1045388.4301602171,$1045388.43,100.00%,Hold,$0.00,0.00%
39,$13431.34,$1062114.05,$0.0,$1062114.05,100.00%,Sell,$1062114.05,100.00%
40,$13484.24,$1062114.05,$0.0,$1062114.05,0.00%,Hold,$0.00,0.00%
41,$13562.84,$1062114.05,$0.0,$1062114.05,0.00%,Hold,$0.00,0.00%
42,$13659.68,$1062114.05,$0.0,$1062114.05,0.00%,Hold,$0.00,0.00%
43,$13574.22,$875443.42,$186670.628574239,$1062114.05,0.00%,Buy,$186670.63,17.58%
44,$13407.23,$421486.93,$638330.7062021809,$1059817.64,17.40%,Buy,$453956.49,42.83%
45,$13567.98,$315424.95,$752046.1495371837,$1067471.10,60.52%,Buy,$106061.99,9.94%
46,$13533.75,$511391.34,$554182.4301913022,$1065573.77,70.40%,Sell,$195966.39,18.39%
47,$13314.30,$717474.70,$339112.98428637086,$1056587.68,51.60%,Sell,$206083.36,19.50%
48,$13186.18,$1053324.49,$4.6846720946902565e-11,$1053324.49,31.88%,Sell,$335849.79,31.88%
49,$12983.81,$1053324.49,$0.0,$1053324.49,0.00%,Sell,$0.00,0.00%
50,$13018.33,$1053324.49,$0.0,$1053324.49,0.00%,Hold,$0.00,0.00%
51,$13139.87,$1053324.49,$0.0,$1053324.49,0.00%,Hold,$0.00,0.00%
52,$12821.22,$0.00,$1053324.485760706,$1053324.49,0.00%,Buy,$1053324.49,100.00%
53,$12595.61,$0.00,$1034789.5971952806,$1034789.60,100.00%,Hold,$0.00,0.00%
54,$12643.01,$0.00,$1038683.68562895,$1038683.69,100.00%,Hold,$0.00,0.00%
55,$12789.48,$0.00,$1050716.9540182685,$1050716.95,100.00%,Hold,$0.00,0.00%
56,$12851.24,$0.00,$1055790.8139750462,$1055790.81,100.00%,Hold,$0.00,0.00%
57,$13061.47,$0.00,$1073062.1716518328,$1073062.17,100.00%,Hold,$0.00,0.00%
58,$13294.19,$0.00,$1092181.2898147607,$1092181.29,100.00%,Hold,$0.00,0.00%
59,$13478.28,$0.00,$1107305.1504253084,$1107305.15,100.00%,Hold,$0.00,0.00%
60,$13518.78,$0.00,$1110632.4190146555,$1110632.42,100.00%,Hold,$0.00,0.00%
61,$13639.86,$0.00,$1120579.7261934457,$1120579.73,100.00%,Hold,$0.00,0.00%
62,$13650.41,$0.00,$1121446.4430764203,$1121446.44,100.00%,Hold,$0.00,0.00%
63,$13521.45,$0.00,$1110851.7658588702,$1110851.77,100.00%,Hold,$0.00,0.00%
64,$13798.11,$0.00,$1133580.7201258945,$1133580.72,100.00%,Hold,$0.00,0.00%
65,$13767.74,$0.00,$1131085.6698302708,$1131085.67,100.00%,Hold,$0.00,0.00%
66,$14094.38,$0.00,$1157920.678281665,$1157920.68,100.00%,Hold,$0.00,0.00%
67,$14103.84,$0.00,$1158697.8592911416,$1158697.86,100.00%,Hold,$0.00,0.00%
68,$14113.67,$0.00,$1159505.4471967253,$1159505.45,100.00%,Hold,$0.00,0.00%
69,$14125.48,$0.00,$1160475.7400767303,$1160475.74,100.00%,Hold,$0.00,0.00%
70,$14284.53,$0.00,$1173542.4417873106,$1173542.44,100.00%,Hold,$0.00,0.00%
71,$14199.98,$0.00,$1166596.2711855292,$1166596.27,100.00%,Hold,$0.00,0.00%
72,$14265.86,$0.00,$1172008.6184633537,$1172008.62,100.00%,Hold,$0.00,0.00%
73,$14250.85,$0.00,$1170775.414241545,$1170775.41,100.00%,Hold,$0.00,0.00%
74,$14241.02,$0.00,$1169967.8263359612,$1169967.83,100.00%,Hold,$0.00,0.00%
75,$14281.76,$0.00,$1173314.831327531,$1173314.83,100.00%,Hold,$0.00,0.00%
76,$14258.49,$0.00,$1171403.1281073594,$1171403.13,100.00%,Hold,$0.00,0.00%
77,$14226.22,$0.00,$1168751.9516380553,$1168751.95,100.00%,Hold,$0.00,0.00%
78,$14305.03,$0.00,$1175226.6147769801,$1175226.61,100.00%,Hold,$0.00,0.00%
79,$14185.49,$0.00,$1165405.8291685362,$1165405.83,100.00%,Hold,$0.00,0.00%
80,$14229.91,$0.00,$1169055.138077078,$1169055.14,100.00%,Hold,$0.00,0.00%
81,$14146.71,$0.00,$1162219.8443365637,$1162219.84,100.00%,Hold,$0.00,0.00%
82,$14339.99,$0.00,$1178098.7426760455,$1178098.74,100.00%,Hold,$0.00,0.00%
83,$14403.97,$0.00,$1183354.9637801896,$1183354.96,100.00%,Hold,$0.00,0.00%
84,$14432.49,$0.00,$1185698.0598245542,$1185698.06,100.00%,Hold,$0.00,0.00%
85,$14533.40,$0.00,$1193988.3115094118,$1193988.31,100.00%,Hold,$0.00,0.00%
86,$14733.96,$0.00,$1210465.2388820965,$1210465.24,100.00%,Hold,$0.00,0.00%
87,$14761.56,$0.00,$1212732.6787179406,$1212732.68,100.00%,Hold,$0.00,0.00%
88,$14813.92,$0.00,$1217034.3318804363,$1217034.33,100.00%,Hold,$0.00,0.00%
89,$14904.81,$0.00,$1224501.350950631,$1224501.35,100.00%,Hold,$0.00,0.00%
90,$15003.22,$0.00,$1232586.215685529,$1232586.22,100.00%,Hold,$0.00,0.00%
91,$14777.94,$0.00,$1214078.4446158404,$1214078.44,100.00%,Hold,$0.00,0.00%
92,$14963.87,$0.00,$1229353.4571848742,$1229353.46,100.00%,Hold,$0.00,0.00%
93,$14992.97,$0.00,$1231744.1291906943,$1231744.13,100.00%,Hold,$0.00,0.00%
94,$15074.57,$1238448.01,$0.0,$1238448.01,100.00%,Sell,$1238448.01,100.00%
95,$15099.18,$0.00,$1238448.007374945,$1238448.01,0.00%,Buy,$1238448.01,100.00%
96,$15095.14,$0.00,$1238116.639815235,$1238116.64,100.00%,Hold,$0.00,0.00%
97,$15011.35,$0.00,$1231244.107064285,$1231244.11,100.00%,Hold,$0.00,0.00%
98,$14765.94,$0.00,$1211115.4301516504,$1211115.43,100.00%,Hold,$0.00,0.00%
99,$14592.21,$0.00,$1196865.9041974775,$1196865.90,100.00%,Hold,$0.00,0.00%
100,$14510.30,$0.00,$1190147.5610893706,$1190147.56,100.00%,Hold,$0.00,0.00%
101,$14524.07,$0.00,$1191277.0302601396,$1191277.03,100.00%,Hold,$0.00,0.00%
102,$14843.77,$0.00,$1217499.0415623852,$1217499.04,100.00%,Hold,$0.00,0.00%
103,$14857.71,$0.00,$1218642.447874897,$1218642.45,100.00%,Hold,$0.00,0.00%
104,$14969.65,$0.00,$1227823.9004412205,$1227823.90,100.00%,Hold,$0.00,0.00%
105,$14970.19,$0.00,$1227868.1949204374,$1227868.19,100.00%,Hold,$0.00,0.00%
106,$14972.76,$0.00,$1228078.934115409,$1228078.93,100.00%,Hold,$0.00,0.00%
107,$14944.35,$0.00,$1225748.7080948423,$1225748.71,100.00%,Hold,$0.00,0.00%
108,$14855.62,$0.00,$1218471.0370511648,$1218471.04,100.00%,Hold,$0.00,0.00%
109,$15055.65,$0.00,$1234877.6961333414,$1234877.70,100.00%,Hold,$0.00,0.00%
110,$15310.97,$0.00,$1255819.2127839352,$1255819.21,100.00%,Hold,$0.00,0.00%
111,$15360.29,$0.00,$1259864.5082240114,$1259864.51,100.00%,Hold,$0.00,0.00%
112,$15425.94,$0.00,$1265249.2110446705,$1265249.21,100.00%,Hold,$0.00,0.00%
113,$15481.92,$0.00,$1269840.698263732,$1269840.70,100.00%,Hold,$0.00,0.00%
114,$15510.50,$0.00,$1272184.8614260415,$1272184.86,100.00%,Hold,$0.00,0.00%
115,$15455.36,$0.00,$1267662.2589305358,$1267662.26,100.00%,Hold,$0.00,0.00%
116,$15628.04,$0.00,$1281825.598881748,$1281825.60,100.00%,Hold,$0.00,0.00%
117,$15509.90,$0.00,$1272135.680937363,$1272135.68,100.00%,Hold,$0.00,0.00%
118,$15164.01,$0.00,$1243765.4274423635,$1243765.43,100.00%,Hold,$0.00,0.00%
119,$15361.64,$0.00,$1259975.2043727955,$1259975.20,100.00%,Hold,$0.00,0.00%
120,$15628.95,$0.00,$1281900.2506984388,$1281900.25,100.00%,Hold,$0.00,0.00%
121,$15597.68,$0.00,$1279335.4161252035,$1279335.42,100.00%,Hold,$0.00,0.00%
122,$15609.00,$0.00,$1280263.918119924,$1280263.92,100.00%,Hold,$0.00,0.00%
123,$15756.64,$0.00,$1292373.4520284666,$1292373.45,100.00%,Hold,$0.00,0.00%
124,$15793.71,$0.00,$1295413.9916868163,$1295413.99,100.00%,Hold,$0.00,0.00%
125,$15990.66,$0.00,$1311568.0200502775,$1311568.02,100.00%,Hold,$0.00,0.00%
126,$15942.55,$0.00,$1307621.9666712312,$1307621.97,100.00%,Hold,$0.00,0.00%
127,$15655.60,$0.00,$1284086.0590950854,$1284086.06,100.00%,Hold,$0.00,0.00%
128,$15859.15,$0.00,$1300781.4733265862,$1300781.47,100.00%,Hold,$0.00,0.00%
129,$15906.17,$0.00,$1304638.0566635258,$1304638.06,100.00%,Hold,$0.00,0.00%
130,$15775.65,$0.00,$1293932.7298348178,$1293932.73,100.00%,Hold,$0.00,0.00%
131,$15630.78,$0.00,$1282050.355316978,$1282050.36,100.00%,Hold,$0.00,0.00%
132,$15580.87,$0.00,$1277956.6803733811,$1277956.68,100.00%,Hold,$0.00,0.00%
133,$16041.62,$0.00,$1315747.800898319,$1315747.80,100.00%,Hold,$0.00,0.00%
134,$15996.82,$0.00,$1312073.2814877082,$1312073.28,100.00%,Hold,$0.00,0.00%
135,$15976.25,$0.00,$1310386.086351684,$1310386.09,100.00%,Hold,$0.00,0.00%
136,$16035.30,$0.00,$1315229.4033043033,$1315229.40,100.00%,Hold,$0.00,0.00%
137,$15947.74,$0.00,$1308047.6902825097,$1308047.69,100.00%,Hold,$0.00,0.00%
138,$16091.92,$0.00,$1319873.4351497053,$1319873.44,100.00%,Hold,$0.00,0.00%
139,$16274.94,$0.00,$1334884.9382843282,$1334884.94,100.00%,Hold,$0.00,0.00%
140,$16207.51,$0.00,$1329354.2158694337,$1329354.22,100.00%,Hold,$0.00,0.00%
141,$15939.59,$0.00,$1307379.1880699545,$1307379.19,100.00%,Hold,$0.00,0.00%
142,$16031.54,$0.00,$1314921.024018617,$1314921.02,100.00%,Hold,$0.00,0.00%
143,$16273.38,$0.00,$1334756.9408561394,$1334756.94,100.00%,Hold,$0.00,0.00%
144,$16085.11,$0.00,$1319314.9081992924,$1319314.91,100.00%,Hold,$0.00,0.00%
145,$16019.27,$0.00,$1313914.5861680596,$1313914.59,100.00%,Hold,$0.00,0.00%
146,$16265.64,$0.00,$1334122.0800202047,$1334122.08,100.00%,Hold,$0.00,0.00%
147,$16177.77,$0.00,$1326914.8956703986,$1326914.90,100.00%,Hold,$0.00,0.00%
148,$16128.53,$0.00,$1322876.2484071306,$1322876.25,100.00%,Hold,$0.00,0.00%
149,$15973.17,$0.00,$1310133.4556329686,$1310133.46,100.00%,Hold,$0.00,0.00%
150,$16103.45,$0.00,$1320819.1583253145,$1320819.16,100.00%,Hold,$0.00,0.00%
151,$16166.79,$0.00,$1326014.3480576791,$1326014.35,100.00%,Hold,$0.00,0.00%
152,$16369.41,$0.00,$1342633.4284036583,$1342633.43,100.00%,Hold,$0.00,0.00%
153,$16401.84,$0.00,$1345293.3399151037,$1345293.34,100.00%,Hold,$0.00,0.00%
154,$16428.82,$0.00,$1347506.301708594,$1347506.30,100.00%,Hold,$0.00,0.00%
155,$16384.47,$0.00,$1343868.7077137495,$1343868.71,100.00%,Hold,$0.00,0.00%
156,$16315.70,$0.00,$1338228.090135229,$1338228.09,100.00%,Hold,$0.00,0.00%
157,$16399.52,$0.00,$1345103.0258416517,$1345103.03,100.00%,Hold,$0.00,0.00%
158,$16379.46,$0.00,$1343457.7222293715,$1343457.72,100.00%,Hold,$0.00,0.00%
159,$16396.83,$0.00,$1344882.4345292416,$1344882.43,100.00%,Hold,$0.00,0.00%
160,$16240.45,$1332056.02,$0.0,$1332056.02,100.00%,Sell,$1332056.02,100.00%
161,$16277.46,$1332056.02,$0.0,$1332056.02,0.00%,Hold,$0.00,0.00%
162,$16049.08,$1332056.02,$0.0,$1332056.02,0.00%,Hold,$0.00,0.00%
163,$16248.52,$1332056.02,$0.0,$1332056.02,0.00%,Hold,$0.00,0.00%
164,$16253.96,$1332056.02,$0.0,$1332056.02,0.00%,Hold,$0.00,0.00%
165,$16306.64,$1332056.02,$0.0,$1332056.02,0.00%,Hold,$0.00,0.00%
166,$16170.36,$1332056.02,$0.0,$1332056.02,0.00%,Hold,$0.00,0.00%
167,$16442.20,$0.00,$1332056.0189046233,$1332056.02,0.00%,Buy,$1332056.02,100.00%
168,$16175.09,$0.00,$1310416.2950488962,$1310416.30,100.00%,Hold,$0.00,0.00%
169,$15885.02,$0.00,$1286916.4030617862,$1286916.40,100.00%,Hold,$0.00,0.00%
170,$15865.25,$0.00,$1285314.7850092296,$1285314.79,100.00%,Hold,$0.00,0.00%
171,$15683.37,$0.00,$1270579.8831025686,$1270579.88,100.00%,Hold,$0.00,0.00%
172,$15601.50,$0.00,$1263947.219131214,$1263947.22,100.00%,Hold,$0.00,0.00%
173,$15282.01,$0.00,$1238063.8878311557,$1238063.89,100.00%,Hold,$0.00,0.00%
174,$15451.31,$0.00,$1251779.6214038392,$1251779.62,100.00%,Hold,$0.00,0.00%
175,$15696.64,$0.00,$1271654.9071145297,$1271654.91,100.00%,Hold,$0.00,0.00%
176,$15712.75,$0.00,$1272960.0786721779,$1272960.08,100.00%,Hold,$0.00,0.00%
177,$15611.76,$0.00,$1264778.4085829114,$1264778.41,100.00%,Hold,$0.00,0.00%
178,$15927.90,$0.00,$1290390.37306217,$1290390.37,100.00%,Hold,$0.00,0.00%
179,$15983.08,$0.00,$1294860.726077467,$1294860.73,100.00%,Hold,$0.00,0.00%
180,$15657.82,$0.00,$1268509.979273827,$1268509.98,100.00%,Hold,$0.00,0.00%
181,$15605.48,$0.00,$1264269.694688526,$1264269.69,100.00%,Hold,$0.00,0.00%
182,$15840.96,$0.00,$1283346.9404221298,$1283346.94,100.00%,Hold,$0.00,0.00%
183,$16156.33,$0.00,$1308896.4826210353,$1308896.48,100.00%,Hold,$0.00,0.00%
184,$16349.25,$0.00,$1324525.7874166588,$1324525.79,100.00%,Hold,$0.00,0.00%
185,$16332.56,$0.00,$1323173.6211384407,$1323173.62,100.00%,Hold,$0.00,0.00%
186,$16302.76,$0.00,$1320759.4058216172,$1320759.41,100.00%,Hold,$0.00,0.00%
187,$16346.26,$0.00,$1324283.535170219,$1324283.54,100.00%,Hold,$0.00,0.00%
188,$16340.87,$0.00,$1323846.8956705122,$1323846.90,100.00%,Hold,$0.00,0.00%
189,$16388.24,$0.00,$1327684.5605033205,$1327684.56,100.00%,Hold,$0.00,0.00%
190,$16511.18,$0.00,$1337644.4348678917,$1337644.43,100.00%,Hold,$0.00,0.00%
191,$16742.39,$0.00,$1356375.8659152812,$1356375.87,100.00%,Hold,$0.00,0.00%
192,$16698.32,$0.00,$1352805.5330030215,$1352805.53,100.00%,Hold,$0.00,0.00%
193,$16685.97,$0.00,$1351805.0359721663,$1351805.04,100.00%,Hold,$0.00,0.00%
194,$16794.87,$0.00,$1360627.384928732,$1360627.38,100.00%,Hold,$0.00,0.00%
195,$16832.62,$0.00,$1363685.6810875759,$1363685.68,100.00%,Hold,$0.00,0.00%
196,$16801.54,$0.00,$1361167.7450995955,$1361167.75,100.00%,Hold,$0.00,0.00%
197,$16736.03,$0.00,$1355860.5063028352,$1355860.51,100.00%,Hold,$0.00,0.00%
198,$16920.79,$0.00,$1370828.720382831,$1370828.72,100.00%,Hold,$0.00,0.00%
199,$17019.88,$0.00,$1378856.5895684138,$1378856.59,100.00%,Hold,$0.00,0.00%
200,$16920.58,$0.00,$1370811.7896249152,$1370811.79,100.00%,Hold,$0.00,0.00%
201,$16737.08,$0.00,$1355945.6347865614,$1355945.63,100.00%,Hold,$0.00,0.00%
202,$16735.02,$0.00,$1355778.7006781392,$1355778.70,100.00%,Hold,$0.00,0.00%
203,$16828.67,$0.00,$1363365.7372323822,$1363365.74,100.00%,Hold,$0.00,0.00%
204,$16857.05,$0.00,$1365664.9974498989,$1365665.00,100.00%,Hold,$0.00,0.00%
205,$17187.90,$0.00,$1392468.6024699404,$1392468.60,100.00%,Hold,$0.00,0.00%
206,$17173.12,$0.00,$1391271.1073680092,$1391271.11,100.00%,Hold,$0.00,0.00%
207,$17133.13,$0.00,$1388031.4780449455,$1388031.48,100.00%,Hold,$0.00,0.00%
208,$17192.53,$0.00,$1392843.610846206,$1392843.61,100.00%,Hold,$0.00,0.00%
209,$17343.55,$0.00,$1405078.536026788,$1405078.54,100.00%,Hold,$0.00,0.00%
210,$17608.44,$0.00,$1426538.350800737,$1426538.35,100.00%,Hold,$0.00,0.00%
211,$17667.56,$0.00,$1431328.014745698,$1431328.01,100.00%,Hold,$0.00,0.00%
212,$17688.88,$0.00,$1433055.268515873,$1433055.27,100.00%,Hold,$0.00,0.00%
213,$17857.02,$0.00,$1446676.9335317253,$1446676.93,100.00%,Hold,$0.00,0.00%
214,$17862.23,$0.00,$1447099.0948599433,$1447099.09,100.00%,Hold,$0.00,0.00%
215,$17721.59,$0.00,$1435705.1694767668,$1435705.17,100.00%,Hold,$0.00,0.00%
216,$17689.36,$0.00,$1433094.0352045586,$1433094.04,100.00%,Hold,$0.00,0.00%
217,$17496.82,$0.00,$1417495.5855285013,$1417495.59,100.00%,Hold,$0.00,0.00%
218,$17717.65,$0.00,$1435386.0167784852,$1435386.02,100.00%,Hold,$0.00,0.00%
219,$17805.16,$0.00,$1442475.5738664924,$1442475.57,100.00%,Hold,$0.00,0.00%
220,$17858.68,$0.00,$1446811.4302067573,$1446811.43,100.00%,Hold,$0.00,0.00%
221,$17732.60,$0.00,$1436597.1197793023,$1436597.12,100.00%,Hold,$0.00,0.00%
222,$17879.30,$0.00,$1448482.0371420365,$1448482.04,100.00%,Hold,$0.00,0.00%
223,$18028.76,$0.00,$1460590.3772167058,$1460590.38,100.00%,Hold,$0.00,0.00%
224,$18188.30,$0.00,$1473515.5076872753,$1473515.51,100.00%,Hold,$0.00,0.00%
225,$18352.76,$1486839.06,$0.0,$1486839.06,100.00%,Sell,$1486839.06,100.00%
226,$18403.74,$1486839.06,$0.0,$1486839.06,0.00%,Hold,$0.00,0.00%
227,$18429.29,$1486839.06,$0.0,$1486839.06,0.00%,Hold,$0.00,0.00%
228,$18647.45,$1486839.06,$0.0,$1486839.06,0.00%,Hold,$0.00,0.00%
229,$18283.41,$1486839.06,$0.0,$1486839.06,0.00%,Hold,$0.00,0.00%
230,$18398.45,$1486839.06,$0.0,$1486839.06,0.00%,Hold,$0.00,0.00%
231,$18472.57,$1486839.06,$0.0,$1486839.06,0.00%,Hold,$0.00,0.00%
232,$18509.34,$1486839.06,$0.0,$1486839.06,0.00%,Hold,$0.00,0.00%
233,$17996.92,$0.00,$1486839.064778704,$1486839.06,0.00%,Buy,$1486839.06,100.00%
234,$17871.22,$0.00,$1476454.2595086368,$1476454.26,100.00%,Hold,$0.00,0.00%
235,$17726.94,$0.00,$1464534.275436565,$1464534.28,100.00%,Hold,$0.00,0.00%
236,$18007.57,$0.00,$1487718.9607222958,$1487718.96,100.00%,Hold,$0.00,0.00%
237,$17997.35,$0.00,$1486874.5639732005,$1486874.56,100.00%,Hold,$0.00,0.00%
238,$17342.41,$0.00,$1432765.8849215468,$1432765.88,100.00%,Hold,$0.00,0.00%
239,$17181.72,$0.00,$1419490.315699628,$1419490.32,100.00%,Hold,$0.00,0.00%
240,$17357.88,$1434044.02,$0.0,$1434044.02,100.00%,Sell,$1434044.02,100.00%
241,$17370.20,$0.00,$1434044.0172834008,$1434044.02,0.00%,Buy,$1434044.02,100.00%
242,$17147.42,$0.00,$1415651.86680574,$1415651.87,100.00%,Hold,$0.00,0.00%
243,$17599.40,$0.00,$1452966.343109514,$1452966.34,100.00%,Hold,$0.00,0.00%
244,$17194.15,$0.00,$1419509.8276898875,$1419509.83,100.00%,Hold,$0.00,0.00%
245,$16776.16,$0.00,$1385001.507587184,$1385001.51,100.00%,Hold,$0.00,0.00%
246,$16200.08,$0.00,$1337441.6506674336,$1337441.65,100.00%,Hold,$0.00,0.00%
247,$16366.85,$0.00,$1351209.7626817198,$1351209.76,100.00%,Hold,$0.00,0.00%
248,$16195.81,$0.00,$1337089.0872856234,$1337089.09,100.00%,Hold,$0.00,0.00%
249,$16660.02,$0.00,$1375413.2025627359,$1375413.20,100.00%,Hold,$0.00,0.00%
250,$16745.30,$0.00,$1382453.827993038,$1382453.83,100.00%,Hold,$0.00,0.00%
251,$16780.61,$0.00,$1385368.824936264,$1385368.82,100.00%,Hold,$0.00,0.00%
252,$17187.61,$0.00,$1418969.8163632548,$1418969.82,100.00%,Hold,$0.00,0.00%
253,$17192.60,$0.00,$1419381.7987280043,$1419381.80,100.00%,Hold,$0.00,0.00%
254,$17594.50,$0.00,$1452561.7780397856,$1452561.78,100.00%,Hold,$0.00,0.00%
255,$17631.72,$0.00,$1455634.6343705219,$1455634.63,100.00%,Hold,$0.00,0.00%
256,$17876.77,$0.00,$1475865.30654011,$1475865.31,100.00%,Hold,$0.00,0.00%
257,$17816.94,$0.00,$1470925.8717928021,$1470925.87,100.00%,Hold,$0.00,0.00%
258,$17918.99,$1479350.95,$0.0,$1479350.95,100.00%,Sell,$1479350.95,100.00%
259,$17619.35,$1479350.95,$0.0,$1479350.95,0.00%,Hold,$0.00,0.00%
260,$17877.79,$1147347.97,$332002.9787129696,$1479350.95,0.00%,Buy,$332002.98,22.44%
261,$17725.77,$842706.77,$633821.0739035367,$1476527.84,22.29%,Buy,$304641.20,20.63%
262,$17754.82,$1071801.57,$405765.0385564428,$1477566.61,42.97%,Sell,$229094.81,15.50%
263,$17556.03,$1473023.48,$0.0,$1473023.48,27.24%,Sell,$401221.91,27.24%
264,$17516.43,$1473023.48,$0.0,$1473023.48,0.00%,Hold,$0.00,0.00%
265,$17713.62,$0.00,$1473023.4837235864,$1473023.48,0.00%,Buy,$1473023.48,100.00%
266,$17136.30,$0.00,$1425015.0279589593,$1425015.03,100.00%,Hold,$0.00,0.00%
267,$17084.30,$0.00,$1420690.8285649486,$1420690.83,100.00%,Hold,$0.00,0.00%
268,$17127.66,$0.00,$1424296.493624558,$1424296.49,100.00%,Hold,$0.00,0.00%
269,$16690.83,$0.00,$1387970.7174877548,$1387970.72,100.00%,Hold,$0.00,0.00%
270,$16884.60,$0.00,$1404084.1422879277,$1404084.14,100.00%,Hold,$0.00,0.00%
271,$17025.88,$0.00,$1415832.7633578328,$1415832.76,100.00%,Hold,$0.00,0.00%
272,$17395.53,$0.00,$1446571.870077727,$1446571.87,100.00%,Hold,$0.00,0.00%
273,$17569.68,$0.00,$1461053.812647099,$1461053.81,100.00%,Hold,$0.00,0.00%
274,$17683.98,$0.00,$1470558.800512795,$1470558.80,100.00%,Hold,$0.00,0.00%
275,$17592.13,$0.00,$1462920.8000281893,$1462920.80,100.00%,Hold,$0.00,0.00%
276,$17628.06,$0.00,$1465908.6295073142,$1465908.63,100.00%,Hold,$0.00,0.00%
277,$17573.30,$0.00,$1461354.9344047797,$1461354.93,100.00%,Hold,$0.00,0.00%
278,$18013.98,$0.00,$1498000.835128632,$1498000.84,100.00%,Hold,$0.00,0.00%
279,$17948.32,$0.00,$1492540.6888234993,$1492540.69,100.00%,Hold,$0.00,0.00%
280,$17974.27,$1494698.57,$0.0,$1494698.57,100.00%,Sell,$1494698.57,100.00%
281,$18074.52,$1494698.57,$0.0,$1494698.57,0.00%,Hold,$0.00,0.00%
282,$18082.21,$1494698.57,$0.0,$1494698.57,0.00%,Hold,$0.00,0.00%
283,$18190.29,$0.00,$1494698.565669534,$1494698.57,0.00%,Buy,$1494698.57,100.00%
284,$18119.59,$0.00,$1488889.2010961345,$1488889.20,100.00%,Hold,$0.00,0.00%
285,$18189.17,$0.00,$1494606.605729743,$1494606.61,100.00%,Hold,$0.00,0.00%
286,$17910.36,$0.00,$1471696.7045689789,$1471696.70,100.00%,Hold,$0.00,0.00%
287,$17925.12,$0.00,$1472909.5165497838,$1472909.52,100.00%,Hold,$0.00,0.00%
288,$17918.48,$0.00,$1472364.0159645309,$1472364.02,100.00%,Hold,$0.00,0.00%
289,$18137.85,$0.00,$1490389.6085605444,$1490389.61,100.00%,Hold,$0.00,0.00%
290,$17923.90,$0.00,$1472809.3716938857,$1472809.37,100.00%,Hold,$0.00,0.00%
291,$18182.92,$0.00,$1494093.0423661626,$1494093.04,100.00%,Hold,$0.00,0.00%
292,$18291.62,$0.00,$1503024.87219013,$1503024.87,100.00%,Hold,$0.00,0.00%
293,$18282.05,$0.00,$1502238.6387781987,$1502238.64,100.00%,Hold,$0.00,0.00%
294,$18342.94,$0.00,$1507241.8693593282,$1507241.87,100.00%,Hold,$0.00,0.00%
295,$18502.69,$0.00,$1520368.5489324394,$1520368.55,100.00%,Hold,$0.00,0.00%
296,$18315.59,$0.00,$1504994.5481780113,$1504994.55,100.00%,Hold,$0.00,0.00%
297,$18367.08,$0.00,$1509225.507851157,$1509225.51,100.00%,Hold,$0.00,0.00%
298,$18373.61,$0.00,$1509762.0210775472,$1509762.02,100.00%,Hold,$0.00,0.00%
299,$18489.55,$1519288.94,$0.0,$1519288.94,100.00%,Sell,$1519288.94,100.00%
300,$18540.01,$1519288.94,$0.0,$1519288.94,0.00%,Hold,$0.00,0.00%
301,$18579.77,$1519288.94,$0.0,$1519288.94,0.00%,Hold,$0.00,0.00%
302,$18276.65,$1519288.94,$0.0,$1519288.94,0.00%,Hold,$0.00,0.00%
303,$18415.49,$0.00,$1519288.942449063,$1519288.94,0.00%,Buy,$1519288.94,100.00%
304,$18518.61,$0.00,$1527796.3331355175,$1527796.33,100.00%,Hold,$0.00,0.00%
305,$18567.19,$0.00,$1531804.2185938612,$1531804.22,100.00%,Hold,$0.00,0.00%
306,$18712.75,$0.00,$1543813.0506428296,$1543813.05,100.00%,Hold,$0.00,0.00%
307,$18607.93,$0.00,$1535165.3122607125,$1535165.31,100.00%,Hold,$0.00,0.00%
308,$18095.15,$0.00,$1492860.7140260823,$1492860.71,100.00%,Hold,$0.00,0.00%
309,$18239.92,$0.00,$1504804.2868135772,$1504804.29,100.00%,Hold,$0.00,0.00%
310,$18179.98,$0.00,$1499859.2461336788,$1499859.25,100.00%,Hold,$0.00,0.00%
311,$18439.17,$0.00,$1521242.530809814,$1521242.53,100.00%,Hold,$0.00,0.00%
312,$18983.47,$0.00,$1566147.670330667,$1566147.67,100.00%,Hold,$0.00,0.00%
313,$19269.46,$0.00,$1589742.0354659103,$1589742.04,100.00%,Hold,$0.00,0.00%
314,$19286.78,$0.00,$1591170.8104572317,$1591170.81,100.00%,Hold,$0.00,0.00%
315,$19298.76,$0.00,$1592159.2062840913,$1592159.21,100.00%,Hold,$0.00,0.00%
316,$19281.40,$0.00,$1590727.0474792123,$1590727.05,100.00%,Hold,$0.00,0.00%
317,$19230.72,$0.00,$1586545.9429935005,$1586545.94,100.00%,Hold,$0.00,0.00%
318,$19107.65,$0.00,$1576392.5687121046,$1576392.57,100.00%,Hold,$0.00,0.00%
319,$18680.12,$0.00,$1541120.9852565653,$1541120.99,100.00%,Hold,$0.00,0.00%
320,$18791.81,$0.00,$1550335.5929766172,$1550335.59,100.00%,Hold,$0.00,0.00%
321,$18987.47,$0.00,$1566477.67271955,$1566477.67,100.00%,Hold,$0.00,0.00%
322,$18966.14,$0.00,$1564717.928535472,$1564717.93,100.00%,Hold,$0.00,0.00%
323,$18972.42,$0.00,$1565235.974277786,$1565235.97,100.00%,Hold,$0.00,0.00%
324,$19003.65,$0.00,$1567812.5066011453,$1567812.51,100.00%,Hold,$0.00,0.00%
325,$19054.84,$0.00,$1572035.6670553621,$1572035.67,100.00%,Hold,$0.00,0.00%
326,$19174.30,$0.00,$1581891.2657436642,$1581891.27,100.00%,Hold,$0.00,0.00%
327,$19060.48,$0.00,$1572501.0219865604,$1572501.02,100.00%,Hold,$0.00,0.00%
328,$19218.17,$0.00,$1585510.4960447883,$1585510.50,100.00%,Hold,$0.00,0.00%
329,$19403.95,$0.00,$1600837.3989882292,$1600837.40,100.00%,Hold,$0.00,0.00%
330,$19480.91,$0.00,$1607186.722294649,$1607186.72,100.00%,Hold,$0.00,0.00%
331,$19735.12,$0.00,$1628159.1153244702,$1628159.12,100.00%,Hold,$0.00,0.00%
332,$19700.26,$1625283.20,$0.0,$1625283.20,100.00%,Sell,$1625283.20,100.00%
333,$19859.77,$1625283.20,$0.0,$1625283.20,0.00%,Hold,$0.00,0.00%
334,$19736.69,$1625283.20,$0.0,$1625283.20,0.00%,Hold,$0.00,0.00%
335,$19687.24,$0.00,$1625283.1960682275,$1625283.20,0.00%,Buy,$1625283.20,100.00%
336,$20034.89,$0.00,$1653983.528428819,$1653983.53,100.00%,Hold,$0.00,0.00%
337,$19902.84,$0.00,$1643082.0555337726,$1643082.06,100.00%,Hold,$0.00,0.00%
338,$19926.72,$0.00,$1645053.5436137568,$1645053.54,100.00%,Hold,$0.00,0.00%
339,$20173.89,$0.00,$1665458.69516443,$1665458.70,100.00%,Hold,$0.00,0.00%
340,$20109.06,$0.00,$1660106.6379272568,$1660106.64,100.00%,Hold,$0.00,0.00%
341,$19392.69,$0.00,$1600966.5102628446,$1600966.51,100.00%,Hold,$0.00,0.00%
342,$19372.77,$0.00,$1599322.0179975498,$1599322.02,100.00%,Hold,$0.00,0.00%
343,$19572.60,$0.00,$1615819.0213448487,$1615819.02,100.00%,Hold,$0.00,0.00%
344,$19764.88,$0.00,$1631692.8300058683,$1631692.83,100.00%,Hold,$0.00,0.00%
345,$20031.13,$0.00,$1653673.1403897277,$1653673.14,100.00%,Hold,$0.00,0.00%
346,$20020.36,$0.00,$1652783.8988127986,$1652783.90,100.00%,Hold,$0.00,0.00%
347,$19722.03,$0.00,$1628155.212562926,$1628155.21,100.00%,Hold,$0.00,0.00%
348,$19486.79,$0.00,$1608734.918229276,$1608734.92,100.00%,Hold,$0.00,0.00%
349,$19310.79,$0.00,$1594205.210707927,$1594205.21,100.00%,Hold,$0.00,0.00%
350,$19280.79,$0.00,$1591728.556016788,$1591728.56,100.00%,Hold,$0.00,0.00%
351,$19621.68,$0.00,$1619870.8348691738,$1619870.83,100.00%,Hold,$0.00,0.00%
352,$19864.98,$0.00,$1639956.5689105277,$1639956.57,100.00%,Hold,$0.00,0.00%
353,$19489.68,$0.00,$1608973.554228162,$1608973.55,100.00%,Hold,$0.00,0.00%
354,$19478.88,$0.00,$1608082.0552836757,$1608082.06,100.00%,Hold,$0.00,0.00%
355,$19161.63,$0.00,$1581891.43192488,$1581891.43,100.00%,Hold,$0.00,0.00%
356,$19088.10,$0.00,$1575821.0480829526,$1575821.05,100.00%,Hold,$0.00,0.00%
357,$19044.39,$0.00,$1572212.6460430438,$1572212.65,100.00%,Hold,$0.00,0.00%
358,$19511.23,$0.00,$1610752.6823441794,$1610752.68,100.00%,Hold,$0.00,0.00%
359,$19338.29,$0.00,$1596475.4775081377,$1596475.48,100.00%,Hold,$0.00,0.00%
360,$19630.20,$0.00,$1620574.1661037279,$1620574.17,100.00%,Hold,$0.00,0.00%
361,$19756.78,$0.00,$1631024.0042468288,$1631024.00,100.00%,Hold,$0.00,0.00%
362,$20009.34,$0.00,$1651874.1796873163,$1651874.18,100.00%,Hold,$0.00,0.00%
363,$20053.68,$0.00,$1655534.6624215767,$1655534.66,100.00%,Hold,$0.00,0.00%
364,$19954.30,$0.00,$1647330.4212760988,$1647330.42,100.00%,Hold,$0.00,0.00%
365,$19341.83,$0.00,$1596767.8066067728,$1596767.81,100.00%,Hold,$0.00,0.00%
366,$19733.59,$0.00,$1629109.5953179295,$1629109.60,100.00%,Hold,$0.00,0.00%
367,$19632.32,$0.00,$1620749.2733299374,$1620749.27,100.00%,Hold,$0.00,0.00%
368,$19681.75,$0.00,$1624829.9489108843,$1624829.95,100.00%,Hold,$0.00,0.00%
369,$19627.44,$0.00,$1620346.3332210078,$1620346.33,100.00%,Hold,$0.00,0.00%
370,$19391.96,$0.00,$1600906.3675415036,$1600906.37,100.00%,Hold,$0.00,0.00%
371,$19654.02,$0.00,$1622540.6557269786,$1622540.66,100.00%,Hold,$0.00,0.00%
372,$19692.33,$0.00,$1625703.3889149143,$1625703.39,100.00%,Hold,$0.00,0.00%
373,$19791.99,$0.00,$1633930.8486981215,$1633930.85,100.00%,Hold,$0.00,0.00%
374,$19523.40,$0.00,$1611757.3721475967,$1611757.37,100.00%,Hold,$0.00,0.00%
375,$19714.27,$0.00,$1627514.6038983497,$1627514.60,100.00%,Hold,$0.00,0.00%
376,$19643.86,$0.00,$1621701.882439003,$1621701.88,100.00%,Hold,$0.00,0.00%
377,$19649.95,$0.00,$1622204.630442061,$1622204.63,100.00%,Hold,$0.00,0.00%
378,$19945.64,$0.00,$1646615.4807226802,$1646615.48,100.00%,Hold,$0.00,0.00%
379,$20026.77,$0.00,$1653313.0902643816,$1653313.09,100.00%,Hold,$0.00,0.00%
380,$20041.26,$0.00,$1654509.3338290667,$1654509.33,100.00%,Hold,$0.00,0.00%
381,$20056.25,$1655746.85,$0.0,$1655746.85,100.00%,Sell,$1655746.85,100.00%
382,$19962.36,$1655746.85,$0.0,$1655746.85,0.00%,Hold,$0.00,0.00%
383,$19524.01,$1655746.85,$0.0,$1655746.85,0.00%,Hold,$0.00,0.00%
384,$19286.93,$1655746.85,$0.0,$1655746.85,0.00%,Hold,$0.00,0.00%
385,$19026.39,$1655746.85,$0.0,$1655746.85,0.00%,Hold,$0.00,0.00%
386,$19075.26,$1655746.85,$0.0,$1655746.85,0.00%,Hold,$0.00,0.00%
387,$18544.42,$1655746.85,$0.0,$1655746.85,0.00%,Hold,$0.00,0.00%
388,$18847.28,$1655746.85,$0.0,$1655746.85,0.00%,Hold,$0.00,0.00%
389,$18350.19,$1655746.85,$0.0,$1655746.85,0.00%,Hold,$0.00,0.00%
390,$18285.16,$1655746.85,$0.0,$1655746.85,0.00%,Hold,$0.00,0.00%
391,$18552.73,$1655746.85,$0.0,$1655746.85,0.00%,Hold,$0.00,0.00%
392,$18069.26,$1655746.85,$0.0,$1655746.85,0.00%,Hold,$0.00,0.00%
393,$18196.22,$1655746.85,$0.0,$1655746.85,0.00%,Hold,$0.00,0.00%
394,$17468.32,$1655746.85,$0.0,$1655746.85,0.00%,Hold,$0.00,0.00%
395,$17436.10,$0.00,$1655746.8549719371,$1655746.85,0.00%,Buy,$1655746.85,100.00%
396,$17648.45,$0.00,$1675911.7545626764,$1675911.75,100.00%,Hold,$0.00,0.00%
397,$17303.01,$0.00,$1643108.5301656665,$1643108.53,100.00%,Hold,$0.00,0.00%
398,$17754.09,$0.00,$1685943.478200397,$1685943.48,100.00%,Hold,$0.00,0.00%
399,$17808.66,$0.00,$1691125.5215083011,$1691125.52,100.00%,Hold,$0.00,0.00%
400,$17504.12,$0.00,$1662206.0475360411,$1662206.05,100.00%,Hold,$0.00,0.00%
401,$17750.79,$0.00,$1685630.0332043213,$1685630.03,100.00%,Hold,$0.00,0.00%
402,$17691.63,$0.00,$1680012.319898913,$1680012.32,100.00%,Hold,$0.00,0.00%
403,$17784.05,$0.00,$1688788.5943186237,$1688788.59,100.00%,Hold,$0.00,0.00%
404,$18188.59,$0.00,$1727203.9679086853,$1727203.97,100.00%,Hold,$0.00,0.00%
405,$18271.86,$0.00,$1735111.313448742,$1735111.31,100.00%,Hold,$0.00,0.00%
406,$17899.02,$1699706.12,$0.0,$1699706.12,100.00%,Sell,$1699706.12,100.00%
407,$17804.03,$0.00,$1699706.1246434792,$1699706.12,0.00%,Buy,$1699706.12,100.00%
408,$17322.99,$0.00,$1653782.5290859547,$1653782.53,100.00%,Hold,$0.00,0.00%
409,$17299.29,$0.00,$1651519.8375162303,$1651519.84,100.00%,Hold,$0.00,0.00%
410,$17449.89,$0.00,$1665897.3918267626,$1665897.39,100.00%,Hold,$0.00,0.00%
411,$17601.05,$0.00,$1680328.273684797,$1680328.27,100.00%,Hold,$0.00,0.00%
412,$16550.61,$0.00,$1580045.2612267341,$1580045.26,100.00%,Hold,$0.00,0.00%
413,$15587.79,$0.00,$1488127.3085582682,$1488127.31,100.00%,Hold,$0.00,0.00%
414,$15603.26,$0.00,$1489604.164642158,$1489604.16,100.00%,Hold,$0.00,0.00%
415,$15267.91,$0.00,$1457589.176605066,$1457589.18,100.00%,Hold,$0.00,0.00%
416,$17124.97,$0.00,$1634878.0999563232,$1634878.10,100.00%,Hold,$0.00,0.00%
417,$16387.31,$0.00,$1564455.5307402827,$1564455.53,100.00%,Hold,$0.00,0.00%
418,$16724.46,$0.00,$1596642.434857085,$1596642.43,100.00%,Hold,$0.00,0.00%
419,$16831.48,$0.00,$1606859.3217026952,$1606859.32,100.00%,Hold,$0.00,0.00%
420,$16823.17,$0.00,$1606065.9345886302,$1606065.93,100.00%,Hold,$0.00,0.00%
421,$16307.16,$0.00,$1556803.773513519,$1556803.77,100.00%,Hold,$0.00,0.00%
422,$16286.45,$0.00,$1554826.645366871,$1554826.65,100.00%,Hold,$0.00,0.00%
423,$15870.90,$0.00,$1515155.1453741295,$1515155.15,100.00%,Hold,$0.00,0.00%
424,$16300.42,$0.00,$1556160.3002043208,$1556160.30,100.00%,Hold,$0.00,0.00%
425,$16708.05,$0.00,$1595075.7983042358,$1595075.80,100.00%,Hold,$0.00,0.00%
426,$17166.04,$0.00,$1638798.7934574848,$1638798.79,100.00%,Hold,$0.00,0.00%
427,$17382.94,$0.00,$1659505.7309846873,$1659505.73,100.00%,Hold,$0.00,0.00%
428,$17366.13,$0.00,$1657901.0566007525,$1657901.06,100.00%,Hold,$0.00,0.00%
429,$17461.32,$0.00,$1666988.5554910416,$1666988.56,100.00%,Hold,$0.00,0.00%
430,$17446.34,$0.00,$1665558.4076262056,$1665558.41,100.00%,Hold,$0.00,0.00%
431,$17710.74,$0.00,$1690800.051290672,$1690800.05,100.00%,Hold,$0.00,0.00%
432,$17977.73,$0.00,$1716288.940857195,$1716288.94,100.00%,Hold,$0.00,0.00%
433,$17844.24,$0.00,$1703544.9622238243,$1703544.96,100.00%,Hold,$0.00,0.00%
434,$17689.66,$0.00,$1688787.5889823048,$1688787.59,100.00%,Hold,$0.00,0.00%
435,$17738.16,$0.00,$1693417.7626171955,$1693417.76,100.00%,Hold,$0.00,0.00%
436,$17928.14,$0.00,$1711554.722566688,$1711554.72,100.00%,Hold,$0.00,0.00%
437,$17928.92,$1711629.12,$0.0,$1711629.12,100.00%,Sell,$1711629.12,100.00%
438,$18708.34,$1711629.12,$0.0,$1711629.12,0.00%,Hold,$0.00,0.00%
439,$19010.09,$1711629.12,$0.0,$1711629.12,0.00%,Hold,$0.00,0.00%
440,$19146.81,$0.00,$1711629.1200892525,$1711629.12,0.00%,Buy,$1711629.12,100.00%
441,$19112.32,$0.00,$1708545.8656030588,$1708545.87,100.00%,Hold,$0.00,0.00%
442,$19211.10,$0.00,$1717376.2408020648,$1717376.24,100.00%,Hold,$0.00,0.00%
443,$19215.46,$0.00,$1717766.1217278063,$1717766.12,100.00%,Hold,$0.00,0.00%
444,$19142.71,$0.00,$1711262.6355110477,$1711262.64,100.00%,Hold,$0.00,0.00%
445,$18872.64,$1687119.70,$0.0,$1687119.70,100.00%,Sell,$1687119.70,100.00%
446,$18925.74,$1687119.70,$0.0,$1687119.70,0.00%,Hold,$0.00,0.00%
447,$18737.21,$1687119.70,$0.0,$1687119.70,0.00%,Hold,$0.00,0.00%
448,$19199.16,$1687119.70,$0.0,$1687119.70,0.00%,Hold,$0.00,0.00%
449,$19100.94,$0.00,$1687119.7000485116,$1687119.70,0.00%,Buy,$1687119.70,100.00%
450,$19175.87,$0.00,$1693737.9793331488,$1693737.98,100.00%,Hold,$0.00,0.00%
451,$19113.77,$0.00,$1688252.9363278563,$1688252.94,100.00%,Hold,$0.00,0.00%
452,$19242.61,$0.00,$1699632.9126413374,$1699632.91,100.00%,Hold,$0.00,0.00%
453,$19398.96,$0.00,$1713442.9036040572,$1713442.90,100.00%,Hold,$0.00,0.00%
454,$19460.49,$0.00,$1718877.5728852565,$1718877.57,100.00%,Hold,$0.00,0.00%
455,$19298.45,$0.00,$1704565.0522708802,$1704565.05,100.00%,Hold,$0.00,0.00%
456,$19529.95,$0.00,$1725012.6439466567,$1725012.64,100.00%,Hold,$0.00,0.00%
457,$19591.24,$0.00,$1730426.2666718992,$1730426.27,100.00%,Hold,$0.00,0.00%
458,$19714.99,$0.00,$1741356.6747491232,$1741356.67,100.00%,Hold,$0.00,0.00%
459,$19615.88,$0.00,$1732602.6875731342,$1732602.69,100.00%,Hold,$0.00,0.00%
460,$19662.49,$0.00,$1736719.5319284827,$1736719.53,100.00%,Hold,$0.00,0.00%
461,$19406.83,$0.00,$1714137.9574888921,$1714137.96,100.00%,Hold,$0.00,0.00%
462,$19701.21,$0.00,$1740139.5972714587,$1740139.60,100.00%,Hold,$0.00,0.00%
463,$19521.09,$0.00,$1724230.1260956735,$1724230.13,100.00%,Hold,$0.00,0.00%
464,$19546.27,$0.00,$1726454.1605169422,$1726454.16,100.00%,Hold,$0.00,0.00%
465,$19447.41,$0.00,$1717722.2549734325,$1717722.25,100.00%,Hold,$0.00,0.00%
466,$19630.97,$0.00,$1733935.521108561,$1733935.52,100.00%,Hold,$0.00,0.00%
467,$19912.53,$0.00,$1758804.614662798,$1758804.61,100.00%,Hold,$0.00,0.00%
468,$19973.55,$0.00,$1764194.4306280238,$1764194.43,100.00%,Hold,$0.00,0.00%
469,$20167.91,$0.00,$1781361.519778603,$1781361.52,100.00%,Hold,$0.00,0.00%
470,$20273.46,$0.00,$1790684.4540164398,$1790684.45,100.00%,Hold,$0.00,0.00%
471,$20369.73,$0.00,$1799187.6076484849,$1799187.61,100.00%,Hold,$0.00,0.00%
472,$20202.89,$0.00,$1784451.2231981594,$1784451.22,100.00%,Hold,$0.00,0.00%
473,$20393.13,$0.00,$1801254.4829510925,$1801254.48,100.00%,Hold,$0.00,0.00%
474,$20601.10,$0.00,$1819623.6409697605,$1819623.64,100.00%,Hold,$0.00,0.00%
475,$20412.52,$0.00,$1802967.0170575099,$1802967.02,100.00%,Hold,$0.00,0.00%
476,$20418.46,$0.00,$1803491.8008543993,$1803491.80,100.00%,Hold,$0.00,0.00%
477,$20611.34,$0.00,$1820528.1253376408,$1820528.13,100.00%,Hold,$0.00,0.00%
478,$20630.66,$0.00,$1822234.621497677,$1822234.62,100.00%,Hold,$0.00,0.00%
479,$20585.53,$0.00,$1818248.3692969128,$1818248.37,100.00%,Hold,$0.00,0.00%
480,$20640.33,$0.00,$1823088.7321414638,$1823088.73,100.00%,Hold,$0.00,0.00%
481,$20677.80,$0.00,$1826398.3893220436,$1826398.39,100.00%,Hold,$0.00,0.00%
482,$20730.49,$0.00,$1831052.2658797973,$1831052.27,100.00%,Hold,$0.00,0.00%
483,$20885.65,$0.00,$1844757.0240627334,$1844757.02,100.00%,Hold,$0.00,0.00%
484,$20895.65,$0.00,$1845640.289361903,$1845640.29,100.00%,Hold,$0.00,0.00%
485,$20974.18,$0.00,$1852576.5096516905,$1852576.51,100.00%,Hold,$0.00,0.00%
486,$20892.69,$0.00,$1845378.760027227,$1845378.76,100.00%,Hold,$0.00,0.00%
487,$21020.02,$0.00,$1856625.3839820637,$1856625.38,100.00%,Hold,$0.00,0.00%
488,$21057.96,$0.00,$1859976.616736296,$1859976.62,100.00%,Hold,$0.00,0.00%
489,$21108.32,$0.00,$1864424.6855788329,$1864424.69,100.00%,Hold,$0.00,0.00%
490,$21178.58,$0.00,$1870630.4868692681,$1870630.49,100.00%,Hold,$0.00,0.00%
491,$21098.29,$0.00,$1863538.6600756035,$1863538.66,100.00%,Hold,$0.00,0.00%
492,$21129.67,$0.00,$1866310.4224900093,$1866310.42,100.00%,Hold,$0.00,0.00%
493,$21122.45,$0.00,$1865672.6428394176,$1865672.64,100.00%,Hold,$0.00,0.00%
494,$20650.13,$0.00,$1823954.4011397515,$1823954.40,100.00%,Hold,$0.00,0.00%
495,$21053.58,$0.00,$1859589.670629648,$1859589.67,100.00%,Hold,$0.00,0.00%
496,$20916.55,$0.00,$1847486.3483397183,$1847486.35,100.00%,Hold,$0.00,0.00%
497,$21169.42,$0.00,$1869821.4020542086,$1869821.40,100.00%,Hold,$0.00,0.00%
498,$21242.70,$0.00,$1876293.908061932,$1876293.91,100.00%,Hold,$0.00,0.00%
499,$21450.02,$0.00,$1894605.791846357,$1894605.79,100.00%,Hold,$0.00,0.00%
500,$21385.40,$0.00,$1888898.2073887347,$1888898.21,100.00%,Hold,$0.00,0.00%
501,$21681.90,$0.00,$1915087.0235091138,$1915087.02,100.00%,Hold,$0.00,0.00%
502,$21713.14,$0.00,$1917846.36500525,$1917846.37,100.00%,Hold,$0.00,0.00%
503,$21710.67,$0.00,$1917628.136371764,$1917628.14,100.00%,Hold,$0.00,0.00%
504,$21622.98,$0.00,$1909882.8312669166,$1909882.83,100.00%,Hold,$0.00,0.00%
505,$21629.77,$0.00,$1910482.4855989309,$1910482.49,100.00%,Hold,$0.00,0.00%
506,$21314.95,$0.00,$1882675.4998484326,$1882675.50,100.00%,Hold,$0.00,0.00%
507,$21172.86,$0.00,$1870125.1970135518,$1870125.20,100.00%,Hold,$0.00,0.00%
508,$21100.31,$0.00,$1863717.2107757286,$1863717.21,100.00%,Hold,$0.00,0.00%
509,$21496.54,$0.00,$1898714.7006150333,$1898714.70,100.00%,Hold,$0.00,0.00%
510,$21449.29,$0.00,$1894541.2720764568,$1894541.27,100.00%,Hold,$0.00,0.00%
